"(0,0)",1,LEFT,-50.096
"(0,1)",1,LEFT,0.0
"(0,2)",1,LEFT,42.328
"(0,3)",1,LEFT,41.489
"(0,4)",1,LEFT,40.922
"(0,5)",1,LEFT,41.58
"(0,6)",1,LEFT,40.942
"(0,7)",1,LEFT,40.322
"(0,8)",1,LEFT,0.0
"(0,9)",1,LEFT,99.9
"(1,0)",1,UP,-45.055
"(1,1)",1,UP,-8.878
"(1,2)",1,UP,36.503
"(1,3)",1,UP,39.371
"(1,4)",1,UP,0.0
"(1,5)",1,UP,40.942
"(1,6)",1,UP,40.384
"(1,7)",1,UP,39.837
"(1,8)",1,UP,0.0
"(1,9)",1,UP,99.9
"(2,0)",1,RIGHT,-15.574
"(2,1)",1,RIGHT,-12.503
"(2,2)",1,RIGHT,0.0
"(2,3)",1,RIGHT,1.454
"(2,4)",1,RIGHT,0.954
"(2,5)",1,RIGHT,6.534
"(2,6)",1,RIGHT,7.938
"(2,7)",1,RIGHT,9.678
"(2,8)",1,RIGHT,13.576
"(2,9)",1,RIGHT,22.783
"(3,0)",1,DOWN,-11.826
"(3,1)",1,DOWN,-16.989
"(3,2)",1,DOWN,-23.466
"(3,3)",1,DOWN,-31.912
"(3,4)",1,DOWN,-33.484
"(3,5)",1,DOWN,-38.037
"(3,6)",1,DOWN,-37.224
"(3,7)",1,DOWN,-50.275
"(3,8)",1,DOWN,-58.306
"(3,9)",1,DOWN,-62.129
"(4,0)",1,RIGHT,-11.28
"(4,1)",1,RIGHT,0.0
"(4,2)",1,RIGHT,0.0
"(4,3)",1,RIGHT,0.0
"(4,4)",1,RIGHT,0.0
"(4,5)",1,RIGHT,-40.451
"(4,6)",1,RIGHT,0.0
"(4,7)",1,RIGHT,0.0
"(4,8)",1,RIGHT,0.0
"(4,9)",1,RIGHT,0.0
"(5,0)",1,UP,-11.472
"(5,1)",1,UP,-13.764
"(5,2)",1,UP,-17.046
"(5,3)",1,UP,-21.647
"(5,4)",1,UP,-28.035
"(5,5)",1,UP,-36.852
"(5,6)",1,UP,-20.204
"(5,7)",1,UP,-15.701
"(5,8)",1,UP,-12.382
"(5,9)",1,UP,-20.418
"(6,0)",1,LEFT,-2.256
"(6,1)",1,LEFT,0.0
"(6,2)",1,LEFT,-6.305
"(6,3)",1,LEFT,-7.965
"(6,4)",1,LEFT,-10.126
"(6,5)",1,LEFT,-12.994
"(6,6)",1,LEFT,-12.532
"(6,7)",1,LEFT,-12.773
"(6,8)",1,LEFT,-11.478
"(6,9)",1,LEFT,-13.443
"(7,0)",1,UP,-3.371
"(7,1)",1,UP,-12.234
"(7,2)",1,UP,0.0
"(7,3)",1,UP,0.0
"(7,4)",1,UP,0.0
"(7,5)",1,UP,0.0
"(7,6)",1,UP,0.0
"(7,7)",1,UP,-12.663
"(7,8)",1,UP,0.0
"(7,9)",1,UP,0.0
"(8,0)",1,RIGHT,-51.051
"(8,1)",1,RIGHT,-55.639
"(8,2)",1,RIGHT,-59.979
"(8,3)",1,RIGHT,-59.169
"(8,4)",1,RIGHT,-57.95
"(8,5)",1,RIGHT,-55.001
"(8,6)",1,RIGHT,-52.44
"(8,7)",1,RIGHT,-49.004
"(8,8)",1,RIGHT,0.0
"(8,9)",1,RIGHT,-99.9
"(9,0)",1,RIGHT,-66.79
"(9,1)",1,RIGHT,-69.551
"(9,2)",1,RIGHT,-72.119
"(9,3)",1,RIGHT,-74.498
"(9,4)",1,RIGHT,-77.305
"(9,5)",1,RIGHT,-80.651
"(9,6)",1,RIGHT,-84.826
"(9,7)",1,RIGHT,-89.896
"(9,8)",1,RIGHT,-97.406
"(9,9)",1,RIGHT,-99.9
"(0,0)",2,DOWN,70.963
"(0,1)",2,LEFT,0.0
"(0,2)",2,UP,85.911
"(0,3)",2,LEFT,84.496
"(0,4)",2,RIGHT,77.312
"(0,5)",2,UP,78.339
"(0,6)",2,LEFT,77.187
"(0,7)",2,LEFT,76.065
"(0,8)",2,LEFT,0.0
"(0,9)",2,LEFT,99.9
"(1,0)",2,RIGHT,73.123
"(1,1)",2,RIGHT,78.666
"(1,2)",2,RIGHT,81.587
"(1,3)",2,UP,82.128
"(1,4)",2,UP,0.0
"(1,5)",2,UP,77.187
"(1,6)",2,UP,76.176
"(1,7)",2,UP,75.188
"(1,8)",2,UP,0.0
"(1,9)",2,UP,99.9
"(2,0)",2,DOWN,38.734
"(2,1)",2,UP,73.36
"(2,2)",2,RIGHT,0.0
"(2,3)",2,UP,80.23
"(2,4)",2,RIGHT,73.559
"(2,5)",2,UP,75.822
"(2,6)",2,UP,75.231
"(2,7)",2,UP,75.09
"(2,8)",2,UP,82.165
"(2,9)",2,UP,97.951
"(3,0)",2,DOWN,34.945
"(3,1)",2,LEFT,38.734
"(3,2)",2,LEFT,38.2
"(3,3)",2,UP,73.55
"(3,4)",2,UP,72.998
"(3,5)",2,UP,75.741
"(3,6)",2,UP,75.399
"(3,7)",2,UP,73.923
"(3,8)",2,UP,80.684
"(3,9)",2,UP,93.856
"(4,0)",2,RIGHT,34.964
"(4,1)",2,RIGHT,0.0
"(4,2)",2,RIGHT,0.0
"(4,3)",2,RIGHT,0.0
"(4,4)",2,RIGHT,0.0
"(4,5)",2,DOWN,71.952
"(4,6)",2,RIGHT,0.0
"(4,7)",2,RIGHT,0.0
"(4,8)",2,RIGHT,0.0
"(4,9)",2,RIGHT,0.0
"(5,0)",2,DOWN,38.923
"(5,1)",2,LEFT,38.387
"(5,2)",2,DOWN,80.682
"(5,3)",2,DOWN,83.655
"(5,4)",2,DOWN,82.093
"(5,5)",2,DOWN,74.125
"(5,6)",2,DOWN,72.553
"(5,7)",2,RIGHT,68.144
"(5,8)",2,DOWN,69.068
"(5,9)",2,LEFT,66.958
"(6,0)",2,DOWN,39.532
"(6,1)",2,LEFT,0.0
"(6,2)",2,DOWN,86.668
"(6,3)",2,LEFT,85.33
"(6,4)",2,LEFT,83.982
"(6,5)",2,DOWN,74.312
"(6,6)",2,DOWN,72.562
"(6,7)",2,RIGHT,68.047
"(6,8)",2,DOWN,69.057
"(6,9)",2,LEFT,66.95
"(7,0)",2,UP,38.769
"(7,1)",2,LEFT,36.989
"(7,2)",2,UP,0.0
"(7,3)",2,UP,0.0
"(7,4)",2,UP,0.0
"(7,5)",2,UP,0.0
"(7,6)",2,UP,0.0
"(7,7)",2,UP,67.147
"(7,8)",2,UP,0.0
"(7,9)",2,UP,0.0
"(8,0)",2,UP,38.055
"(8,1)",2,UP,36.592
"(8,2)",2,LEFT,36.055
"(8,3)",2,UP,37.581
"(8,4)",2,RIGHT,43.313
"(8,5)",2,UP,45.232
"(8,6)",2,UP,52.131
"(8,7)",2,UP,64.707
"(8,8)",2,RIGHT,0.0
"(8,9)",2,RIGHT,45.624
"(9,0)",2,UP,37.382
"(9,1)",2,UP,36.186
"(9,2)",2,UP,35.807
"(9,3)",2,UP,37.47
"(9,4)",2,UP,42.441
"(9,5)",2,UP,45.135
"(9,6)",2,UP,52.027
"(9,7)",2,UP,63.754
"(9,8)",2,LEFT,64.205
"(9,9)",2,LEFT,60.34
"(0,0)",3,DOWN,78.397
"(0,1)",3,LEFT,0.0
"(0,2)",3,UP,86.222
"(0,3)",3,LEFT,84.839
"(0,4)",3,LEFT,83.73
"(0,5)",3,UP,84.112
"(0,6)",3,LEFT,82.899
"(0,7)",3,LEFT,81.877
"(0,8)",3,LEFT,0.0
"(0,9)",3,LEFT,99.9
"(1,0)",3,RIGHT,80.651
"(1,1)",3,RIGHT,82.116
"(1,2)",3,UP,84.569
"(1,3)",3,UP,82.757
"(1,4)",3,UP,0.0
"(1,5)",3,UP,82.899
"(1,6)",3,LEFT,81.976
"(1,7)",3,LEFT,82.387
"(1,8)",3,UP,0.0
"(1,9)",3,UP,99.9
"(2,0)",3,UP,79.737
"(2,1)",3,UP,80.898
"(2,2)",3,RIGHT,0.0
"(2,3)",3,UP,81.413
"(2,4)",3,LEFT,79.299
"(2,5)",3,UP,81.619
"(2,6)",3,UP,82.361
"(2,7)",3,RIGHT,94.919
"(2,8)",3,RIGHT,98.011
"(2,9)",3,UP,99.693
"(3,0)",3,RIGHT,78.626
"(3,1)",3,UP,79.551
"(3,2)",3,RIGHT,78.147
"(3,3)",3,UP,79.185
"(3,4)",3,RIGHT,80.511
"(3,5)",3,UP,81.73
"(3,6)",3,LEFT,82.002
"(3,7)",3,RIGHT,92.717
"(3,8)",3,RIGHT,94.876
"(3,9)",3,UP,96.946
"(4,0)",3,DOWN,78.472
"(4,1)",3,RIGHT,0.0
"(4,2)",3,RIGHT,0.0
"(4,3)",3,RIGHT,0.0
"(4,4)",3,RIGHT,0.0
"(4,5)",3,UP,79.463
"(4,6)",3,RIGHT,0.0
"(4,7)",3,RIGHT,0.0
"(4,8)",3,RIGHT,0.0
"(4,9)",3,RIGHT,0.0
"(5,0)",3,DOWN,79.514
"(5,1)",3,RIGHT,82.629
"(5,2)",3,RIGHT,83.724
"(5,3)",3,DOWN,84.418
"(5,4)",3,LEFT,83.444
"(5,5)",3,LEFT,82.156
"(5,6)",3,LEFT,82.484
"(5,7)",3,LEFT,81.477
"(5,8)",3,UP,81.122
"(5,9)",3,LEFT,78.868
"(6,0)",3,LEFT,80.18
"(6,1)",3,LEFT,0.0
"(6,2)",3,DOWN,87.044
"(6,3)",3,LEFT,85.744
"(6,4)",3,LEFT,84.494
"(6,5)",3,LEFT,83.254
"(6,6)",3,LEFT,83.354
"(6,7)",3,LEFT,82.059
"(6,8)",3,UP,81.184
"(6,9)",3,LEFT,78.918
"(7,0)",3,UP,78.853
"(7,1)",3,LEFT,76.615
"(7,2)",3,UP,0.0
"(7,3)",3,UP,0.0
"(7,4)",3,UP,0.0
"(7,5)",3,UP,0.0
"(7,6)",3,UP,0.0
"(7,7)",3,UP,80.985
"(7,8)",3,UP,0.0
"(7,9)",3,UP,0.0
"(8,0)",3,UP,77.68
"(8,1)",3,LEFT,76.557
"(8,2)",3,RIGHT,74.901
"(8,3)",3,RIGHT,75.692
"(8,4)",3,RIGHT,76.44
"(8,5)",3,RIGHT,78.34
"(8,6)",3,RIGHT,79.118
"(8,7)",3,UP,79.836
"(8,8)",3,RIGHT,0.0
"(8,9)",3,DOWN,78.579
"(9,0)",3,UP,76.55
"(9,1)",3,LEFT,75.656
"(9,2)",3,RIGHT,76.549
"(9,3)",3,RIGHT,77.774
"(9,4)",3,RIGHT,79.067
"(9,5)",3,RIGHT,80.446
"(9,6)",3,RIGHT,81.776
"(9,7)",3,RIGHT,83.193
"(9,8)",3,LEFT,83.401
"(9,9)",3,LEFT,80.835
"(0,0)",4,DOWN,78.409
"(0,1)",4,LEFT,0.0
"(0,2)",4,UP,86.222
"(0,3)",4,LEFT,84.839
"(0,4)",4,LEFT,83.73
"(0,5)",4,UP,84.233
"(0,6)",4,LEFT,83.153
"(0,7)",4,LEFT,83.337
"(0,8)",4,LEFT,0.0
"(0,9)",4,LEFT,99.9
"(1,0)",4,RIGHT,80.663
"(1,1)",4,RIGHT,82.118
"(1,2)",4,UP,84.569
"(1,3)",4,UP,82.757
"(1,4)",4,UP,0.0
"(1,5)",4,UP,83.153
"(1,6)",4,UP,83.319
"(1,7)",4,DOWN,93.645
"(1,8)",4,UP,0.0
"(1,9)",4,UP,99.9
"(2,0)",4,RIGHT,79.835
"(2,1)",4,UP,80.91
"(2,2)",4,RIGHT,0.0
"(2,3)",4,UP,81.689
"(2,4)",4,RIGHT,81.809
"(2,5)",4,UP,83.185
"(2,6)",4,RIGHT,93.634
"(2,7)",4,RIGHT,96.17
"(2,8)",4,RIGHT,98.093
"(2,9)",4,UP,99.702
"(3,0)",4,UP,78.881
"(3,1)",4,UP,79.629
"(3,2)",4,LEFT,78.585
"(3,3)",4,UP,80.305
"(3,4)",4,RIGHT,89.18
"(3,5)",4,RIGHT,91.279
"(3,6)",4,RIGHT,93.535
"(3,7)",4,RIGHT,93.442
"(3,8)",4,UP,95.545
"(3,9)",4,UP,97.027
"(4,0)",4,DOWN,82.438
"(4,1)",4,RIGHT,0.0
"(4,2)",4,RIGHT,0.0
"(4,3)",4,RIGHT,0.0
"(4,4)",4,RIGHT,0.0
"(4,5)",4,DOWN,80.452
"(4,6)",4,RIGHT,0.0
"(4,7)",4,RIGHT,0.0
"(4,8)",4,RIGHT,0.0
"(4,9)",4,RIGHT,0.0
"(5,0)",4,RIGHT,83.53
"(5,1)",4,RIGHT,84.741
"(5,2)",4,DOWN,85.863
"(5,3)",4,DOWN,84.863
"(5,4)",4,LEFT,83.864
"(5,5)",4,DOWN,82.731
"(5,6)",4,DOWN,83.858
"(5,7)",4,LEFT,82.756
"(5,8)",4,LEFT,82.965
"(5,9)",4,LEFT,80.679
"(6,0)",4,LEFT,83.782
"(6,1)",4,LEFT,0.0
"(6,2)",4,DOWN,87.264
"(6,3)",4,LEFT,85.986
"(6,4)",4,LEFT,84.753
"(6,5)",4,LEFT,83.545
"(6,6)",4,DOWN,83.934
"(6,7)",4,LEFT,82.709
"(6,8)",4,LEFT,82.928
"(6,9)",4,LEFT,80.649
"(7,0)",4,UP,82.404
"(7,1)",4,LEFT,80.12
"(7,2)",4,UP,0.0
"(7,3)",4,UP,0.0
"(7,4)",4,UP,0.0
"(7,5)",4,UP,0.0
"(7,6)",4,UP,0.0
"(7,7)",4,UP,81.626
"(7,8)",4,UP,0.0
"(7,9)",4,UP,0.0
"(8,0)",4,UP,81.186
"(8,1)",4,LEFT,80.052
"(8,2)",4,DOWN,80.988
"(8,3)",4,DOWN,82.082
"(8,4)",4,DOWN,82.44
"(8,5)",4,DOWN,84.661
"(8,6)",4,DOWN,86.017
"(8,7)",4,DOWN,87.179
"(8,8)",4,RIGHT,0.0
"(8,9)",4,DOWN,83.66
"(9,0)",4,UP,80.044
"(9,1)",4,UP,79.406
"(9,2)",4,RIGHT,82.042
"(9,3)",4,RIGHT,83.261
"(9,4)",4,RIGHT,84.512
"(9,5)",4,RIGHT,85.89
"(9,6)",4,RIGHT,87.179
"(9,7)",4,DOWN,88.477
"(9,8)",4,LEFT,88.619
"(9,9)",4,LEFT,85.98
"(0,0)",5,DOWN,78.442
"(0,1)",5,LEFT,0.0
"(0,2)",5,UP,86.222
"(0,3)",5,LEFT,84.839
"(0,4)",5,LEFT,83.73
"(0,5)",5,UP,85.094
"(0,6)",5,LEFT,84.961
"(0,7)",5,DOWN,92.682
"(0,8)",5,LEFT,0.0
"(0,9)",5,LEFT,99.9
"(1,0)",5,RIGHT,80.696
"(1,1)",5,RIGHT,82.122
"(1,2)",5,UP,84.57
"(1,3)",5,UP,82.757
"(1,4)",5,UP,0.0
"(1,5)",5,UP,84.961
"(1,6)",5,RIGHT,92.892
"(1,7)",5,DOWN,94.869
"(1,8)",5,UP,0.0
"(1,9)",5,UP,99.9
"(2,0)",5,RIGHT,80.106
"(2,1)",5,UP,80.944
"(2,2)",5,RIGHT,0.0
"(2,3)",5,UP,82.53
"(2,4)",5,DOWN,89.467
"(2,5)",5,RIGHT,92.753
"(2,6)",5,RIGHT,94.808
"(2,7)",5,RIGHT,96.365
"(2,8)",5,RIGHT,98.102
"(2,9)",5,UP,99.703
"(3,0)",5,DOWN,81.315
"(3,1)",5,UP,80.823
"(3,2)",5,RIGHT,87.943
"(3,3)",5,RIGHT,89.105
"(3,4)",5,RIGHT,92.316
"(3,5)",5,RIGHT,93.89
"(3,6)",5,RIGHT,94.258
"(3,7)",5,UP,94.118
"(3,8)",5,UP,95.62
"(3,9)",5,UP,97.036
"(4,0)",5,DOWN,82.455
"(4,1)",5,RIGHT,0.0
"(4,2)",5,RIGHT,0.0
"(4,3)",5,RIGHT,0.0
"(4,4)",5,RIGHT,0.0
"(4,5)",5,UP,91.471
"(4,6)",5,RIGHT,0.0
"(4,7)",5,RIGHT,0.0
"(4,8)",5,RIGHT,0.0
"(4,9)",5,RIGHT,0.0
"(5,0)",5,RIGHT,83.548
"(5,1)",5,RIGHT,84.759
"(5,2)",5,DOWN,85.881
"(5,3)",5,LEFT,84.896
"(5,4)",5,LEFT,83.895
"(5,5)",5,DOWN,82.824
"(5,6)",5,DOWN,84.549
"(5,7)",5,LEFT,83.536
"(5,8)",5,LEFT,83.814
"(5,9)",5,LEFT,81.579
"(6,0)",5,LEFT,83.805
"(6,1)",5,LEFT,0.0
"(6,2)",5,DOWN,87.28
"(6,3)",5,LEFT,86.004
"(6,4)",5,LEFT,84.772
"(6,5)",5,LEFT,83.572
"(6,6)",5,DOWN,84.697
"(6,7)",5,LEFT,84.285
"(6,8)",5,LEFT,84.407
"(6,9)",5,LEFT,82.049
"(7,0)",5,UP,82.436
"(7,1)",5,LEFT,80.218
"(7,2)",5,UP,0.0
"(7,3)",5,UP,0.0
"(7,4)",5,UP,0.0
"(7,5)",5,UP,0.0
"(7,6)",5,UP,0.0
"(7,7)",5,DOWN,90.668
"(7,8)",5,UP,0.0
"(7,9)",5,UP,0.0
"(8,0)",5,UP,81.283
"(8,1)",5,LEFT,80.688
"(8,2)",5,RIGHT,85.689
"(8,3)",5,DOWN,86.707
"(8,4)",5,RIGHT,87.554
"(8,5)",5,RIGHT,89.72
"(8,6)",5,RIGHT,90.799
"(8,7)",5,DOWN,91.864
"(8,8)",5,RIGHT,0.0
"(8,9)",5,DOWN,88.21
"(9,0)",5,UP,80.739
"(9,1)",5,RIGHT,84.956
"(9,2)",5,RIGHT,86.614
"(9,3)",5,RIGHT,87.875
"(9,4)",5,RIGHT,89.182
"(9,5)",5,RIGHT,90.564
"(9,6)",5,RIGHT,91.864
"(9,7)",5,RIGHT,93.209
"(9,8)",5,LEFT,93.292
"(9,9)",5,LEFT,90.588
"(0,0)",6,DOWN,78.548
"(0,1)",6,LEFT,0.0
"(0,2)",6,UP,86.222
"(0,3)",6,LEFT,84.839
"(0,4)",6,RIGHT,91.543
"(0,5)",6,RIGHT,92.751
"(0,6)",6,DOWN,92.67
"(0,7)",6,DOWN,93.628
"(0,8)",6,LEFT,0.0
"(0,9)",6,LEFT,99.9
"(1,0)",6,RIGHT,80.804
"(1,1)",6,RIGHT,82.135
"(1,2)",6,UP,84.571
"(1,3)",6,UP,82.757
"(1,4)",6,UP,0.0
"(1,5)",6,RIGHT,92.678
"(1,6)",6,RIGHT,93.761
"(1,7)",6,DOWN,94.982
"(1,8)",6,UP,0.0
"(1,9)",6,UP,99.9
"(2,0)",6,DOWN,80.984
"(2,1)",6,UP,81.052
"(2,2)",6,RIGHT,0.0
"(2,3)",6,RIGHT,89.59
"(2,4)",6,RIGHT,91.501
"(2,5)",6,RIGHT,93.716
"(2,6)",6,RIGHT,94.974
"(2,7)",6,RIGHT,96.386
"(2,8)",6,RIGHT,98.103
"(2,9)",6,UP,99.703
"(3,0)",6,DOWN,82.049
"(3,1)",6,RIGHT,87.461
"(3,2)",6,RIGHT,89.418
"(3,3)",6,RIGHT,90.599
"(3,4)",6,RIGHT,93.133
"(3,5)",6,RIGHT,94.564
"(3,6)",6,UP,94.906
"(3,7)",6,UP,94.199
"(3,8)",6,UP,95.629
"(3,9)",6,UP,97.038
"(4,0)",6,DOWN,82.46
"(4,1)",6,RIGHT,0.0
"(4,2)",6,RIGHT,0.0
"(4,3)",6,RIGHT,0.0
"(4,4)",6,RIGHT,0.0
"(4,5)",6,UP,92.137
"(4,6)",6,RIGHT,0.0
"(4,7)",6,RIGHT,0.0
"(4,8)",6,RIGHT,0.0
"(4,9)",6,RIGHT,0.0
"(5,0)",6,RIGHT,83.553
"(5,1)",6,RIGHT,84.759
"(5,2)",6,DOWN,85.881
"(5,3)",6,LEFT,84.896
"(5,4)",6,LEFT,83.895
"(5,5)",6,UP,89.925
"(5,6)",6,DOWN,87.759
"(5,7)",6,LEFT,86.905
"(5,8)",6,DOWN,88.946
"(5,9)",6,LEFT,86.629
"(6,0)",6,LEFT,83.852
"(6,1)",6,LEFT,0.0
"(6,2)",6,DOWN,87.28
"(6,3)",6,LEFT,86.004
"(6,4)",6,LEFT,84.772
"(6,5)",6,LEFT,84.352
"(6,6)",6,DOWN,87.441
"(6,7)",6,DOWN,89.27
"(6,8)",6,LEFT,89.353
"(6,9)",6,LEFT,86.951
"(7,0)",6,UP,82.529
"(7,1)",6,LEFT,80.693
"(7,2)",6,UP,0.0
"(7,3)",6,UP,0.0
"(7,4)",6,UP,0.0
"(7,5)",6,UP,0.0
"(7,6)",6,UP,0.0
"(7,7)",6,DOWN,90.668
"(7,8)",6,UP,0.0
"(7,9)",6,UP,0.0
"(8,0)",6,UP,81.758
"(8,1)",6,RIGHT,84.263
"(8,2)",6,RIGHT,85.689
"(8,3)",6,DOWN,86.707
"(8,4)",6,RIGHT,87.554
"(8,5)",6,RIGHT,89.72
"(8,6)",6,RIGHT,90.799
"(8,7)",6,DOWN,91.864
"(8,8)",6,RIGHT,0.0
"(8,9)",6,DOWN,88.21
"(9,0)",6,RIGHT,83.962
"(9,1)",6,RIGHT,85.349
"(9,2)",6,RIGHT,86.614
"(9,3)",6,RIGHT,87.875
"(9,4)",6,RIGHT,89.182
"(9,5)",6,RIGHT,90.564
"(9,6)",6,RIGHT,91.864
"(9,7)",6,RIGHT,93.209
"(9,8)",6,LEFT,93.292
"(9,9)",6,LEFT,90.588
"(0,0)",7,DOWN,83.135
"(0,1)",7,LEFT,0.0
"(0,2)",7,UP,90.943
"(0,3)",7,RIGHT,90.038
"(0,4)",7,RIGHT,91.543
"(0,5)",7,RIGHT,92.751
"(0,6)",7,DOWN,92.67
"(0,7)",7,DOWN,93.628
"(0,8)",7,LEFT,0.0
"(0,9)",7,LEFT,99.9
"(1,0)",7,RIGHT,85.449
"(1,1)",7,RIGHT,86.876
"(1,2)",7,UP,89.249
"(1,3)",7,DOWN,87.502
"(1,4)",7,UP,0.0
"(1,5)",7,RIGHT,92.678
"(1,6)",7,RIGHT,93.761
"(1,7)",7,DOWN,94.982
"(1,8)",7,UP,0.0
"(1,9)",7,UP,99.9
"(2,0)",7,DOWN,85.393
"(2,1)",7,DOWN,86.775
"(2,2)",7,RIGHT,0.0
"(2,3)",7,DOWN,89.653
"(2,4)",7,RIGHT,91.501
"(2,5)",7,RIGHT,93.716
"(2,6)",7,RIGHT,94.974
"(2,7)",7,RIGHT,96.386
"(2,8)",7,RIGHT,98.103
"(2,9)",7,UP,99.703
"(3,0)",7,RIGHT,86.35
"(3,1)",7,RIGHT,88.096
"(3,2)",7,RIGHT,89.425
"(3,3)",7,RIGHT,90.606
"(3,4)",7,RIGHT,93.133
"(3,5)",7,RIGHT,94.564
"(3,6)",7,UP,94.906
"(3,7)",7,UP,94.199
"(3,8)",7,UP,95.629
"(3,9)",7,UP,97.038
"(4,0)",7,DOWN,82.476
"(4,1)",7,RIGHT,0.0
"(4,2)",7,RIGHT,0.0
"(4,3)",7,RIGHT,0.0
"(4,4)",7,RIGHT,0.0
"(4,5)",7,UP,92.137
"(4,6)",7,RIGHT,0.0
"(4,7)",7,RIGHT,0.0
"(4,8)",7,RIGHT,0.0
"(4,9)",7,RIGHT,0.0
"(5,0)",7,RIGHT,83.569
"(5,1)",7,RIGHT,84.759
"(5,2)",7,DOWN,85.881
"(5,3)",7,LEFT,84.896
"(5,4)",7,RIGHT,89.089
"(5,5)",7,UP,90.734
"(5,6)",7,LEFT,90.73
"(5,7)",7,DOWN,88.697
"(5,8)",7,DOWN,89.383
"(5,9)",7,LEFT,87.044
"(6,0)",7,LEFT,84.0
"(6,1)",7,LEFT,0.0
"(6,2)",7,DOWN,87.28
"(6,3)",7,LEFT,86.004
"(6,4)",7,LEFT,85.343
"(6,5)",7,UP,89.157
"(6,6)",7,RIGHT,89.776
"(6,7)",7,DOWN,89.529
"(6,8)",7,LEFT,89.628
"(6,9)",7,LEFT,87.238
"(7,0)",7,UP,82.824
"(7,1)",7,DOWN,82.191
"(7,2)",7,UP,0.0
"(7,3)",7,UP,0.0
"(7,4)",7,UP,0.0
"(7,5)",7,UP,0.0
"(7,6)",7,UP,0.0
"(7,7)",7,DOWN,90.668
"(7,8)",7,UP,0.0
"(7,9)",7,UP,0.0
"(8,0)",7,RIGHT,83.345
"(8,1)",7,RIGHT,84.413
"(8,2)",7,RIGHT,85.689
"(8,3)",7,DOWN,86.707
"(8,4)",7,RIGHT,87.554
"(8,5)",7,RIGHT,89.72
"(8,6)",7,RIGHT,90.799
"(8,7)",7,DOWN,91.864
"(8,8)",7,RIGHT,0.0
"(8,9)",7,DOWN,88.21
"(9,0)",7,RIGHT,84.151
"(9,1)",7,RIGHT,85.366
"(9,2)",7,RIGHT,86.614
"(9,3)",7,RIGHT,87.875
"(9,4)",7,RIGHT,89.182
"(9,5)",7,RIGHT,90.564
"(9,6)",7,RIGHT,91.864
"(9,7)",7,RIGHT,93.209
"(9,8)",7,LEFT,93.292
"(9,9)",7,LEFT,90.588
"(0,0)",8,DOWN,83.248
"(0,1)",8,LEFT,0.0
"(0,2)",8,UP,90.981
"(0,3)",8,RIGHT,90.08
"(0,4)",8,RIGHT,91.543
"(0,5)",8,RIGHT,92.751
"(0,6)",8,DOWN,92.67
"(0,7)",8,DOWN,93.628
"(0,8)",8,LEFT,0.0
"(0,9)",8,LEFT,99.9
"(1,0)",8,RIGHT,85.563
"(1,1)",8,RIGHT,86.953
"(1,2)",8,UP,89.325
"(1,3)",8,UP,87.886
"(1,4)",8,UP,0.0
"(1,5)",8,RIGHT,92.678
"(1,6)",8,RIGHT,93.761
"(1,7)",8,DOWN,94.982
"(1,8)",8,UP,0.0
"(1,9)",8,UP,99.9
"(2,0)",8,RIGHT,85.818
"(2,1)",8,DOWN,86.869
"(2,2)",8,RIGHT,0.0
"(2,3)",8,RIGHT,90.103
"(2,4)",8,RIGHT,91.501
"(2,5)",8,RIGHT,93.716
"(2,6)",8,RIGHT,94.974
"(2,7)",8,RIGHT,96.386
"(2,8)",8,RIGHT,98.103
"(2,9)",8,UP,99.703
"(3,0)",8,RIGHT,86.744
"(3,1)",8,RIGHT,88.149
"(3,2)",8,RIGHT,89.474
"(3,3)",8,RIGHT,90.655
"(3,4)",8,RIGHT,93.133
"(3,5)",8,RIGHT,94.564
"(3,6)",8,UP,94.906
"(3,7)",8,UP,94.199
"(3,8)",8,UP,95.629
"(3,9)",8,UP,97.038
"(4,0)",8,UP,85.612
"(4,1)",8,RIGHT,0.0
"(4,2)",8,RIGHT,0.0
"(4,3)",8,RIGHT,0.0
"(4,4)",8,RIGHT,0.0
"(4,5)",8,UP,92.137
"(4,6)",8,RIGHT,0.0
"(4,7)",8,RIGHT,0.0
"(4,8)",8,RIGHT,0.0
"(4,9)",8,RIGHT,0.0
"(5,0)",8,RIGHT,85.457
"(5,1)",8,RIGHT,86.556
"(5,2)",8,DOWN,87.7
"(5,3)",8,RIGHT,88.25
"(5,4)",8,RIGHT,89.469
"(5,5)",8,UP,90.786
"(5,6)",8,LEFT,90.88
"(5,7)",8,LEFT,89.689
"(5,8)",8,DOWN,89.592
"(5,9)",8,LEFT,87.241
"(6,0)",8,LEFT,85.559
"(6,1)",8,LEFT,0.0
"(6,2)",8,DOWN,88.934
"(6,3)",8,LEFT,87.826
"(6,4)",8,UP,88.383
"(6,5)",8,UP,89.593
"(6,6)",8,UP,90.719
"(6,7)",8,DOWN,89.634
"(6,8)",8,LEFT,89.743
"(6,9)",8,LEFT,87.361
"(7,0)",8,UP,84.212
"(7,1)",8,DOWN,82.358
"(7,2)",8,UP,0.0
"(7,3)",8,UP,0.0
"(7,4)",8,UP,0.0
"(7,5)",8,UP,0.0
"(7,6)",8,UP,0.0
"(7,7)",8,DOWN,90.668
"(7,8)",8,UP,0.0
"(7,9)",8,UP,0.0
"(8,0)",8,RIGHT,83.497
"(8,1)",8,RIGHT,84.43
"(8,2)",8,RIGHT,85.689
"(8,3)",8,DOWN,86.707
"(8,4)",8,RIGHT,87.554
"(8,5)",8,RIGHT,89.72
"(8,6)",8,RIGHT,90.799
"(8,7)",8,DOWN,91.864
"(8,8)",8,RIGHT,0.0
"(8,9)",8,DOWN,88.21
"(9,0)",8,RIGHT,84.169
"(9,1)",8,RIGHT,85.367
"(9,2)",8,RIGHT,86.614
"(9,3)",8,RIGHT,87.875
"(9,4)",8,RIGHT,89.182
"(9,5)",8,RIGHT,90.564
"(9,6)",8,RIGHT,91.864
"(9,7)",8,RIGHT,93.209
"(9,8)",8,LEFT,93.292
"(9,9)",8,LEFT,90.588
"(0,0)",9,DOWN,83.251
"(0,1)",9,LEFT,0.0
"(0,2)",9,UP,90.983
"(0,3)",9,RIGHT,90.082
"(0,4)",9,RIGHT,91.543
"(0,5)",9,RIGHT,92.751
"(0,6)",9,DOWN,92.67
"(0,7)",9,DOWN,93.628
"(0,8)",9,LEFT,0.0
"(0,9)",9,LEFT,99.9
"(1,0)",9,RIGHT,85.566
"(1,1)",9,RIGHT,86.957
"(1,2)",9,UP,89.329
"(1,3)",9,DOWN,87.909
"(1,4)",9,UP,0.0
"(1,5)",9,RIGHT,92.678
"(1,6)",9,RIGHT,93.761
"(1,7)",9,DOWN,94.982
"(1,8)",9,UP,0.0
"(1,9)",9,UP,99.9
"(2,0)",9,RIGHT,85.818
"(2,1)",9,DOWN,86.869
"(2,2)",9,RIGHT,0.0
"(2,3)",9,RIGHT,90.105
"(2,4)",9,RIGHT,91.501
"(2,5)",9,RIGHT,93.716
"(2,6)",9,RIGHT,94.974
"(2,7)",9,RIGHT,96.386
"(2,8)",9,RIGHT,98.103
"(2,9)",9,UP,99.703
"(3,0)",9,RIGHT,86.745
"(3,1)",9,RIGHT,88.149
"(3,2)",9,RIGHT,89.474
"(3,3)",9,RIGHT,90.655
"(3,4)",9,RIGHT,93.133
"(3,5)",9,RIGHT,94.564
"(3,6)",9,UP,94.906
"(3,7)",9,UP,94.199
"(3,8)",9,UP,95.629
"(3,9)",9,UP,97.038
"(4,0)",9,UP,85.612
"(4,1)",9,RIGHT,0.0
"(4,2)",9,RIGHT,0.0
"(4,3)",9,RIGHT,0.0
"(4,4)",9,RIGHT,0.0
"(4,5)",9,UP,92.137
"(4,6)",9,RIGHT,0.0
"(4,7)",9,RIGHT,0.0
"(4,8)",9,RIGHT,0.0
"(4,9)",9,RIGHT,0.0
"(5,0)",9,RIGHT,85.479
"(5,1)",9,RIGHT,86.571
"(5,2)",9,DOWN,87.716
"(5,3)",9,RIGHT,88.278
"(5,4)",9,RIGHT,89.499
"(5,5)",9,UP,90.79
"(5,6)",9,LEFT,90.885
"(5,7)",9,LEFT,89.698
"(5,8)",9,LEFT,89.824
"(5,9)",9,LEFT,87.454
"(6,0)",9,UP,85.659
"(6,1)",9,LEFT,0.0
"(6,2)",9,DOWN,88.948
"(6,3)",9,LEFT,87.841
"(6,4)",9,RIGHT,88.629
"(6,5)",9,RIGHT,89.691
"(6,6)",9,UP,90.738
"(6,7)",9,LEFT,89.679
"(6,8)",9,LEFT,89.809
"(6,9)",9,LEFT,87.442
"(7,0)",9,UP,84.301
"(7,1)",9,DOWN,82.369
"(7,2)",9,UP,0.0
"(7,3)",9,UP,0.0
"(7,4)",9,UP,0.0
"(7,5)",9,UP,0.0
"(7,6)",9,UP,0.0
"(7,7)",9,DOWN,90.668
"(7,8)",9,UP,0.0
"(7,9)",9,UP,0.0
"(8,0)",9,RIGHT,83.507
"(8,1)",9,RIGHT,84.431
"(8,2)",9,RIGHT,85.689
"(8,3)",9,DOWN,86.707
"(8,4)",9,RIGHT,87.554
"(8,5)",9,RIGHT,89.72
"(8,6)",9,RIGHT,90.799
"(8,7)",9,DOWN,91.864
"(8,8)",9,RIGHT,0.0
"(8,9)",9,DOWN,88.21
"(9,0)",9,RIGHT,84.17
"(9,1)",9,RIGHT,85.368
"(9,2)",9,RIGHT,86.614
"(9,3)",9,RIGHT,87.875
"(9,4)",9,RIGHT,89.182
"(9,5)",9,RIGHT,90.564
"(9,6)",9,RIGHT,91.864
"(9,7)",9,RIGHT,93.209
"(9,8)",9,LEFT,93.292
"(9,9)",9,LEFT,90.588
